tamano,alineamiento,porcentaje_alfa,tiempo_serial_ns,tiempo_simd_ns,speedup
32,0,0,586,343,1.70845
32,0,10,402,119,3.37815
32,0,20,196,97,2.02062
32,0,30,485,94,5.15957
32,0,40,489,101,4.84158
32,0,50,479,99,4.83838
32,0,60,506,97,5.21649
32,0,70,614,96,6.39583
32,0,80,520,98,5.30612
32,0,90,651,98,6.64286
32,0,100,788,108,7.2963
32,1,0,352,195,1.80513
32,1,10,537,99,5.42424
32,1,20,387,112,3.45536
32,1,30,370,96,3.85417
32,1,40,488,128,3.8125
32,1,50,384,99,3.87879
32,1,60,490,119,4.11765
32,1,70,823,174,4.72989
32,1,80,1132,175,6.46857
32,1,90,776,120,6.46667
32,1,100,945,167,5.65868
64,0,0,537,234,2.29487
64,0,10,875,196,4.46429
64,0,20,746,191,3.90576
64,0,30,977,216,4.52315
64,0,40,1360,148,9.18919
64,0,50,1516,165,9.18788
64,0,60,892,148,6.02703
64,0,70,1218,153,7.96078
64,0,80,1322,145,9.11724
64,0,90,1601,141,11.3546
64,0,100,1342,125,10.736
64,1,0,592,153,3.86928
64,1,10,669,102,6.55882
64,1,20,788,102,7.72549
64,1,30,970,131,7.40458
64,1,40,928,114,8.14035
64,1,50,925,105,8.80952
64,1,60,925,104,8.89423
64,1,70,1199,104,11.5288
64,1,80,1233,103,11.9709
64,1,90,1221,103,11.8544
64,1,100,1353,103,13.1359
96,0,0,356,158,2.25316
96,0,10,608,137,4.43796
96,0,20,812,108,7.51852
96,0,30,946,111,8.52252
96,0,40,962,109,8.82569
96,0,50,1297,125,10.376
96,0,60,1401,106,13.217
96,0,70,1465,108,13.5648
96,0,80,2102,158,13.3038
96,0,90,1549,105,14.7524
96,0,100,1865,108,17.2685
96,1,0,509,107,4.75701
96,1,10,861,108,7.97222
96,1,20,698,110,6.34545
96,1,30,1043,110,9.48182
96,1,40,1156,106,10.9057
96,1,50,1136,106,10.717
96,1,60,1468,108,13.5926
96,1,70,1564,109,14.3486
96,1,80,1842,110,16.7455
96,1,90,1831,106,17.2736
96,1,100,1818,108,16.8333
128,0,0,543,162,3.35185
128,0,10,792,137,5.78102
128,0,20,1151,143,8.04895
128,0,30,1235,110,11.2273
128,0,40,1297,116,11.181
128,0,50,1498,142,10.5493
128,0,60,2124,115,18.4696
128,0,70,1956,112,17.4643
128,0,80,2300,110,20.9091
128,0,90,2455,115,21.3478
128,0,100,2546,115,22.1391
128,1,0,620,111,5.58559
128,1,10,625,111,5.63063
128,1,20,1120,117,9.57265
128,1,30,1311,115,11.4
128,1,40,1441,111,12.982
128,1,50,1839,112,16.4196
128,1,60,1980,117,16.9231
128,1,70,2218,113,19.6283
128,1,80,2246,114,19.7018
128,1,90,2401,112,21.4375
128,1,100,2287,115,19.887
160,0,0,521,136,3.83088
160,0,10,797,163,4.88957
160,0,20,1328,136,9.76471
160,0,30,1512,137,11.0365
160,0,40,1361,115,11.8348
160,0,50,1870,144,12.9861
160,0,60,2385,114,20.9211
160,0,70,2784,158,17.6203
160,0,80,2181,116,18.8017
160,0,90,2743,143,19.1818
160,0,100,2750,135,20.3704
160,1,0,767,142,5.40141
160,1,10,1099,114,9.64035
160,1,20,1080,138,7.82609
160,1,30,1435,117,12.265
160,1,40,1594,140,11.3857
160,1,50,2051,118,17.3814
160,1,60,2521,143,17.6294
160,1,70,2394,117,20.4615
160,1,80,2529,142,17.8099
160,1,90,2667,117,22.7949
160,1,100,2778,142,19.5634
192,0,0,598,140,4.27143
192,0,10,1059,145,7.30345
192,0,20,1140,108,10.5556
192,0,30,1879,105,17.8952
192,0,40,1796,109,16.4771
192,0,50,1956,107,18.2804
192,0,60,2297,111,20.6937
192,0,70,2526,105,24.0571
192,0,80,3205,112,28.6161
192,0,90,3891,107,36.3645
192,0,100,3003,121,24.8182
192,1,0,949,128,7.41406
192,1,10,1732,142,12.1972
192,1,20,1271,172,7.38953
192,1,30,1866,124,15.0484
192,1,40,2028,157,12.9172
192,1,50,2482,147,16.8844
192,1,60,2882,125,23.056
192,1,70,2749,108,25.4537
192,1,80,2970,112,26.5179
192,1,90,3001,111,27.036
192,1,100,3101,111,27.9369
224,0,0,770,132,5.83333
224,0,10,1074,158,6.79747
224,0,20,1699,110,15.4455
224,0,30,2171,113,19.2124
224,0,40,2312,113,20.4602
224,0,50,2394,116,20.6379
224,0,60,2584,113,22.8673
224,0,70,2675,115,23.2609
224,0,80,3592,115,31.2348
224,0,90,3557,118,30.1441
224,0,100,3800,113,33.6283
224,1,0,746,113,6.60177
224,1,10,1041,114,9.13158
224,1,20,1166,121,9.63636
224,1,30,1367,114,11.9912
224,1,40,2202,117,18.8205
224,1,50,2767,115,24.0609
224,1,60,2591,114,22.7281
224,1,70,2617,115,22.7565
224,1,80,3060,114,26.8421
224,1,90,3446,110,31.3273
224,1,100,3826,112,34.1607
256,0,0,796,132,6.0303
256,0,10,1223,143,8.55245
256,0,20,1809,147,12.3061
256,0,30,1777,114,15.5877
256,0,40,2683,120,22.3583
256,0,50,2829,121,23.3802
256,0,60,2811,124,22.6694
256,0,70,3388,117,28.9573
256,0,80,4044,141,28.6809
256,0,90,3981,120,33.175
256,0,100,4357,122,35.7131
256,1,0,718,116,6.18966
256,1,10,1470,121,12.1488
256,1,20,1597,122,13.0902
256,1,30,1952,120,16.2667
256,1,40,2833,116,24.4224
256,1,50,2462,118,20.8644
256,1,60,3107,121,25.6777
256,1,70,3358,120,27.9833
256,1,80,3708,118,31.4237
256,1,90,4128,117,35.2821
256,1,100,3789,120,31.575
288,0,0,765,136,5.625
288,0,10,1403,136,10.3162
288,0,20,2192,135,16.237
288,0,30,2209,122,18.1066
288,0,40,2667,124,21.5081
288,0,50,2855,125,22.84
288,0,60,3987,139,28.6835
288,0,70,4277,128,33.4141
288,0,80,4166,122,34.1475
288,0,90,4871,125,38.968
288,0,100,4345,121,35.9091
288,1,0,882,126,7
288,1,10,1434,121,11.8512
288,1,20,2200,127,17.3228
288,1,30,2118,120,17.65
288,1,40,3227,125,25.816
288,1,50,2812,119,23.6303
288,1,60,3721,121,30.7521
288,1,70,3640,118,30.8475
288,1,80,3381,121,27.9421
288,1,90,4717,122,38.6639
288,1,100,5024,129,38.9457
320,0,0,821,146,5.62329
320,0,10,1346,139,9.68345
320,0,20,2090,144,14.5139
320,0,30,2831,141,20.078
320,0,40,2808,150,18.72
320,0,50,3721,124,30.0081
320,0,60,4097,157,26.0955
320,0,70,4363,126,34.627
320,0,80,4480,150,29.8667
320,0,90,4782,128,37.3594
320,0,100,5326,309,17.2362
320,1,0,958,151,6.34437
320,1,10,1550,130,11.9231
320,1,20,1951,147,13.2721
320,1,30,2577,129,19.9767
320,1,40,2846,147,19.3605
320,1,50,3350,130,25.7692
320,1,60,4134,157,26.3312
320,1,70,3612,130,27.7846
320,1,80,4642,149,31.1544
320,1,90,4971,136,36.5515
320,1,100,5291,149,35.5101
352,0,0,976,150,6.50667
352,0,10,1927,150,12.8467
352,0,20,2252,128,17.5938
352,0,30,2312,137,16.8759
352,0,40,3426,129,26.5581
352,0,50,4251,138,30.8043
352,0,60,4311,129,33.4186
352,0,70,4485,130,34.5
352,0,80,5368,130,41.2923
352,0,90,4982,128,38.9219
352,0,100,6079,199,30.5477
352,1,0,1043,133,7.84211
352,1,10,1622,133,12.1955
352,1,20,1848,133,13.8947
352,1,30,2881,128,22.5078
352,1,40,3190,138,23.1159
352,1,50,3759,128,29.3672
352,1,60,4413,135,32.6889
352,1,70,4828,131,36.855
352,1,80,5518,205,26.9171
352,1,90,5538,200,27.69
352,1,100,5612,211,26.5972
384,0,0,1010,150,6.73333
384,0,10,1922,150,12.8133
384,0,20,2312,140,16.5143
384,0,30,3116,135,23.0815
384,0,40,3460,148,23.3784
384,0,50,3540,134,26.4179
384,0,60,4903,144,34.0486
384,0,70,5375,137,39.2336
384,0,80,5314,139,38.2302
384,0,90,5936,207,28.6763
384,0,100,5829,217,26.8618
384,1,0,1043,137,7.61314
384,1,10,1708,135,12.6519
384,1,20,2557,141,18.1348
384,1,30,2866,134,21.3881
384,1,40,3386,137,24.7153
384,1,50,3684,136,27.0882
384,1,60,4504,145,31.0621
384,1,70,5155,135,38.1852
384,1,80,5509,216,25.5046
384,1,90,6265,209,29.9761
384,1,100,6422,212,30.2925
416,0,0,1112,159,6.99371
416,0,10,1909,158,12.0823
416,0,20,2158,163,13.2393
416,0,30,2827,144,19.6319
416,0,40,3648,144,25.3333
416,0,50,4368,147,29.7143
416,0,60,5425,137,39.5985
416,0,70,5609,216,25.9676
416,0,80,6317,212,29.7972
416,0,90,6472,213,30.385
416,0,100,6518,215,30.3163
416,1,0,1116,145,7.69655
416,1,10,1916,140,13.6857
416,1,20,3005,142,21.162
416,1,30,2661,135,19.7111
416,1,40,4192,142,29.5211
416,1,50,4354,138,31.5507
416,1,60,4751,148,32.1014
416,1,70,5440,143,38.042
416,1,80,5702,224,25.4554
416,1,90,6266,214,29.2804
416,1,100,6921,221,31.3167
448,0,0,1265,166,7.62048
448,0,10,1720,161,10.6832
448,0,20,2457,156,15.75
448,0,30,3430,146,23.4932
448,0,40,3787,150,25.2467
448,0,50,4360,145,30.069
448,0,60,5234,143,36.6014
448,0,70,5692,217,26.2304
448,0,80,7412,220,33.6909
448,0,90,7270,220,33.0455
448,0,100,6954,223,31.1839
448,1,0,1134,144,7.875
448,1,10,1965,167,11.7665
448,1,20,2572,143,17.986
448,1,30,3620,167,21.6766
448,1,40,4207,154,27.3182
448,1,50,4904,166,29.5422
448,1,60,4996,145,34.4552
448,1,70,6399,241,26.5519
448,1,80,6461,219,29.5023
448,1,90,6764,238,28.4202
448,1,100,7241,216,33.5231
480,0,0,1174,169,6.94675
480,0,10,2162,176,12.2841
480,0,20,2593,172,15.0756
480,0,30,3844,171,22.4795
480,0,40,3628,171,21.2164
480,0,50,5154,158,32.6203
480,0,60,5292,153,34.5882
480,0,70,6897,223,30.9283
480,0,80,7187,216,33.2731
480,0,90,7245,225,32.2
480,0,100,7554,218,34.6514
480,1,0,1195,154,7.75974
480,1,10,2067,207,9.98551
480,1,20,3404,150,22.6933
480,1,30,3745,150,24.9667
480,1,40,4417,153,28.8693
480,1,50,5186,148,35.0405
480,1,60,6305,224,28.1473
480,1,70,7066,218,32.4128
480,1,80,7346,220,33.3909
480,1,90,7508,213,35.2488
480,1,100,7754,222,34.9279
512,0,0,1250,172,7.26744
512,0,10,2335,179,13.0447
512,0,20,2976,175,17.0057
512,0,30,3446,154,22.3766
512,0,40,4875,176,27.6989
512,0,50,5178,155,33.4065
512,0,60,5650,248,22.7823
512,0,70,7359,226,32.5619
512,0,80,7608,250,30.432
512,0,90,8045,223,36.0762
512,0,100,8184,248,33
512,1,0,1366,174,7.85057
512,1,10,2464,159,15.4969
512,1,20,3022,183,16.5137
512,1,30,3617,155,23.3355
512,1,40,4221,175,24.12
512,1,50,5762,231,24.9437
512,1,60,6344,248,25.5806
512,1,70,7033,229,30.7118
512,1,80,7600,246,30.8943
512,1,90,8070,229,35.2402
512,1,100,7782,250,31.128
576,0,0,1375,201,6.8408
576,0,10,2542,184,13.8152
576,0,20,3532,161,21.9379
576,0,30,4256,169,25.1834
576,0,40,5424,162,33.4815
576,0,50,6099,233,26.176
576,0,60,7260,231,31.4286
576,0,70,7976,241,33.0954
576,0,80,9045,236,38.3263
576,0,90,8893,238,37.3655
576,0,100,10000,231,43.29
576,1,0,1388,238,5.83193
576,1,10,2355,162,14.537
576,1,20,3288,171,19.2281
576,1,30,4220,164,25.7317
576,1,40,5159,179,28.8212
576,1,50,5381,168,32.0298
576,1,60,6945,239,29.0586
576,1,70,7612,238,31.9832
576,1,80,8457,242,34.9463
576,1,90,9376,231,40.5887
576,1,100,9280,234,39.6581
640,0,0,1603,216,7.4213
640,0,10,3041,228,13.3377
640,0,20,3945,229,17.2271
640,0,30,4540,199,22.8141
640,0,40,6305,246,25.6301
640,0,50,7157,246,29.0935
640,0,60,7521,246,30.5732
640,0,70,8698,247,35.2146
640,0,80,8943,245,36.502
640,0,90,9613,238,40.3908
640,0,100,10175,249,40.8635
640,1,0,1549,179,8.65363
640,1,10,3260,170,19.1765
640,1,20,2996,179,16.7374
640,1,30,4355,178,24.4663
640,1,40,5818,247,23.5547
640,1,50,7434,255,29.1529
640,1,60,7962,248,32.1048
640,1,70,8509,245,34.7306
640,1,80,10005,249,40.1807
640,1,90,9619,245,39.2612
640,1,100,10802,249,43.3815
704,0,0,1786,235,7.6
704,0,10,3581,233,15.3691
704,0,20,4263,206,20.6942
704,0,30,5422,198,27.3838
704,0,40,7099,257,27.6226
704,0,50,7624,254,30.0157
704,0,60,8171,253,32.2964
704,0,70,10127,256,39.5586
704,0,80,10117,249,40.6305
704,0,90,11526,256,45.0234
704,0,100,11346,250,45.384
704,1,0,1741,185,9.41081
704,1,10,2788,185,15.0703
704,1,20,4187,189,22.1534
704,1,30,4558,180,25.3222
704,1,40,5532,259,21.3591
704,1,50,7550,254,29.7244
704,1,60,8417,254,33.1378
704,1,70,9282,253,36.6877
704,1,80,10588,254,41.685
704,1,90,11411,255,44.749
704,1,100,11103,259,42.8687
768,0,0,1905,239,7.97071
768,0,10,3015,250,12.06
768,0,20,4133,219,18.8721
768,0,30,5620,265,21.2075
768,0,40,6696,286,23.4126
768,0,50,7756,260,29.8308
768,0,60,9725,287,33.885
768,0,70,10215,262,38.9885
768,0,80,11226,287,39.115
768,0,90,11637,263,44.2471
768,0,100,12143,288,42.1632
768,1,0,1883,213,8.84038
768,1,10,3505,190,18.4474
768,1,20,4114,220,18.7
768,1,30,6057,266,22.7707
768,1,40,6492,285,22.7789
768,1,50,8408,265,31.7283
768,1,60,9188,288,31.9028
768,1,70,10364,265,39.1094
768,1,80,10984,286,38.4056
768,1,90,12080,269,44.9071
768,1,100,12472,286,43.6084
832,0,0,1984,249,7.96787
832,0,10,3377,255,13.2431
832,0,20,5222,231,22.6061
832,0,30,6443,297,21.6936
832,0,40,6822,270,25.2667
832,0,50,8691,272,31.9522
832,0,60,9737,269,36.197
832,0,70,12223,275,44.4473
832,0,80,12627,271,46.5941
832,0,90,12879,275,46.8327
832,0,100,13735,267,51.4419
832,1,0,2027,211,9.60664
832,1,10,3283,209,15.7081
832,1,20,5257,209,25.1531
832,1,30,6321,274,23.0693
832,1,40,8249,278,29.6727
832,1,50,8437,276,30.5688
832,1,60,10161,274,37.0839
832,1,70,12021,270,44.5222
832,1,80,12603,276,45.663
832,1,90,13305,267,49.8315
832,1,100,13003,278,46.7734
896,0,0,2210,253,8.73518
896,0,10,4125,270,15.2778
896,0,20,5278,213,24.7793
896,0,30,7088,277,25.5884
896,0,40,7866,285,27.6
896,0,50,9114,282,32.3191
896,0,60,11041,318,34.7201
896,0,70,11596,326,35.5706
896,0,80,13296,327,40.6606
896,0,90,13904,284,48.9577
896,0,100,15185,288,52.7257
896,1,0,4412,379,11.6412
896,1,10,3730,212,17.5943
896,1,20,4885,224,21.808
896,1,30,6332,287,22.0627
896,1,40,7727,285,27.1123
896,1,50,11170,545,20.4954
896,1,60,13792,462,29.8528
896,1,70,14458,474,30.5021
896,1,80,14483,543,26.6722
896,1,90,16935,282,60.0532
896,1,100,14508,283,51.265
960,0,0,2473,260,9.51154
960,0,10,4743,250,18.972
960,0,20,5780,317,18.2334
960,0,30,7853,316,24.8513
960,0,40,9061,319,28.4044
960,0,50,9872,317,31.142
960,0,60,11288,308,36.6494
960,0,70,13580,320,42.4375
960,0,80,15848,509,31.1356
960,0,90,17435,450,38.7444
960,0,100,14618,319,45.8245
960,1,0,2446,256,9.55469
960,1,10,4190,257,16.3035
960,1,20,4563,256,17.8242
960,1,30,4975,235,21.1702
960,1,40,5625,226,24.8894
960,1,50,6915,234,29.5513
960,1,60,8184,230,35.5826
960,1,70,8976,228,39.3684
960,1,80,9956,236,42.1864
960,1,90,10909,234,46.6197
960,1,100,10887,233,46.7253
1024,0,0,1682,184,9.1413
1024,0,10,3542,185,19.1459
1024,0,20,4438,236,18.8051
1024,0,30,5298,239,22.1674
1024,0,40,5962,240,24.8417
1024,0,50,7011,240,29.2125
1024,0,60,8504,243,34.9959
1024,0,70,9057,242,37.4256
1024,0,80,10332,242,42.6942
1024,0,90,10849,239,45.3933
1024,0,100,11391,241,47.2656
1024,1,0,1669,228,7.32018
1024,1,10,3036,180,16.8667
1024,1,20,3915,241,16.2448
1024,1,30,5205,241,21.5975
1024,1,40,6017,246,24.4593
1024,1,50,7080,246,28.7805
1024,1,60,8580,240,35.75
1024,1,70,9867,244,40.4385
1024,1,80,10154,244,41.6148
1024,1,90,10798,240,44.9917
1024,1,100,11439,240,47.6625
1088,0,0,1847,206,8.96602
1088,0,10,3127,191,16.3717
1088,0,20,4052,248,16.3387
1088,0,30,5313,246,21.5976
1088,0,40,6845,244,28.0533
1088,0,50,8271,246,33.622
1088,0,60,9556,246,38.8455
1088,0,70,10535,250,42.14
1088,0,80,10561,271,38.9705
1088,0,90,11445,250,45.78
1088,0,100,11091,239,46.4059
1088,1,0,1782,191,9.32984
1088,1,10,3220,172,18.7209
1088,1,20,4606,246,18.7236
1088,1,30,5117,245,20.8857
1088,1,40,6298,247,25.498
1088,1,50,8082,247,32.7206
1088,1,60,8273,248,33.3589
1088,1,70,10016,260,38.5231
1088,1,80,10949,248,44.1492
1088,1,90,11520,274,42.0438
1088,1,100,11873,250,47.492
1152,0,0,1901,214,8.88318
1152,0,10,4801,246,19.5163
1152,0,20,4464,254,17.5748
1152,0,30,5817,254,22.9016
1152,0,40,7680,257,29.8833
1152,0,50,8878,256,34.6797
1152,0,60,9474,254,37.2992
1152,0,70,10070,256,39.3359
1152,0,80,11850,259,45.7529
1152,0,90,12201,252,48.4167
1152,0,100,12551,276,45.4746
1152,1,0,2063,195,10.5795
1152,1,10,3392,199,17.0452
1152,1,20,4889,256,19.0977
1152,1,30,6151,255,24.1216
1152,1,40,6817,250,27.268
1152,1,50,8222,282,29.156
1152,1,60,10553,254,41.5472
1152,1,70,10446,254,41.126
1152,1,80,11245,275,40.8909
1152,1,90,12300,256,48.0469
1152,1,100,12660,255,49.6471
1216,0,0,1981,221,8.9638
1216,0,10,3327,205,16.2293
1216,0,20,4217,259,16.2819
1216,0,30,6081,261,23.2989
1216,0,40,7746,264,29.3409
1216,0,50,8228,264,31.1667
1216,0,60,7994,231,34.6061
1216,0,70,8226,228,36.0789
1216,0,80,10029,224,44.7723
1216,0,90,9826,199,49.3769
1216,0,100,16732,219,76.4018
1216,1,0,1681,160,10.5062
1216,1,10,4224,321,13.1589
1216,1,20,3687,211,17.4739
1216,1,30,4841,209,23.1627
1216,1,40,5533,211,26.2227
1216,1,50,6535,230,28.413
1216,1,60,8259,210,39.3286
1216,1,70,8568,232,36.931
1216,1,80,8957,212,42.25
1216,1,90,10385,233,44.5708
1216,1,100,10375,211,49.1706
1280,0,0,1617,178,9.08427
1280,0,10,3009,215,13.9953
1280,0,20,3667,203,18.064
1280,0,30,5332,231,23.0823
1280,0,40,6095,216,28.2176
1280,0,50,7254,218,33.2752
1280,0,60,17047,570,29.907
1280,0,70,9578,216,44.3426
1280,0,80,9727,215,45.2419
1280,0,90,10728,214,50.1308
1280,0,100,10617,217,48.9263
1280,1,0,1628,152,10.7105
1280,1,10,3049,204,14.9461
1280,1,20,3896,205,19.0049
1280,1,30,5098,215,23.7116
1280,1,40,6504,217,29.9724
1280,1,50,7393,217,34.0691
1280,1,60,8359,231,36.1861
1280,1,70,9487,217,43.7189
1280,1,80,9883,217,45.5438
1280,1,90,10189,218,46.7385
1280,1,100,10949,218,50.2248
1344,0,0,1722,181,9.51381
1344,0,10,2741,169,16.2189
1344,0,20,3792,237,16
1344,0,30,5998,225,26.6578
1344,0,40,6324,222,28.4865
1344,0,50,7878,224,35.1696
1344,0,60,8669,217,39.9493
1344,0,70,9442,222,42.5315
1344,0,80,10915,221,49.3891
1344,0,90,11105,220,50.4773
1344,0,100,11101,223,49.7803
1344,1,0,1696,157,10.8025
1344,1,10,3039,207,14.6812
1344,1,20,4070,220,18.5
1344,1,30,5789,226,25.615
1344,1,40,6708,207,32.4058
1344,1,50,7405,217,34.1244
1344,1,60,8825,218,40.4817
1344,1,70,9506,242,39.281
1344,1,80,10679,223,47.8879
1344,1,90,11327,220,51.4864
1344,1,100,11256,221,50.9321
1408,0,0,1740,250,6.96
1408,0,10,2876,189,15.2169
1408,0,20,4581,226,20.2699
1408,0,30,5603,226,24.792
1408,0,40,6583,227,29
1408,0,50,7613,229,33.2445
1408,0,60,8461,232,36.4698
1408,0,70,10418,232,44.9052
1408,0,80,10470,227,46.1233
1408,0,90,11023,247,44.6275
1408,0,100,11618,228,50.9561
1408,1,0,1875,191,9.81675
1408,1,10,3060,230,13.3043
1408,1,20,4114,214,19.2243
1408,1,30,5263,227,23.185
1408,1,40,6557,230,28.5087
1408,1,50,7811,228,34.2588
1408,1,60,8713,245,35.5633
1408,1,70,9959,335,29.7284
1408,1,80,11042,227,48.6432
1408,1,90,11821,230,51.3957
1408,1,100,12238,228,53.6754
1472,0,0,2432,189,12.8677
1472,0,10,3125,250,12.5
1472,0,20,4754,233,20.4034
1472,0,30,5727,235,24.3702
1472,0,40,7369,410,17.9732
1472,0,50,8924,233,38.3004
1472,0,60,7456,210,35.5048
1472,0,70,8507,211,40.3175
1472,0,80,9296,282,32.9645
1472,0,90,10055,214,46.986
1472,0,100,10058,280,35.9214
1472,1,0,1494,317,4.71293
1472,1,10,2560,186,13.7634
1472,1,20,3457,197,17.5482
1472,1,30,4194,196,21.398
1472,1,40,5830,374,15.5882
1472,1,50,6508,210,30.9905
1472,1,60,7215,275,26.2364
1472,1,70,8003,215,37.2233
1472,1,80,9404,198,47.4949
1472,1,90,9731,206,47.2379
1472,1,100,9902,211,46.9289
1536,0,0,1633,161,10.1429
1536,0,10,2711,213,12.7277
1536,0,20,3822,219,17.4521
1536,0,30,5151,199,25.8844
1536,0,40,5716,263,21.7338
1536,0,50,6806,217,31.3641
1536,0,60,8099,215,37.6698
1536,0,70,8864,202,43.8812
1536,0,80,10181,220,46.2773
1536,0,90,10204,214,47.6822
1536,0,100,10254,215,47.693
1536,1,0,1563,165,9.47273
1536,1,10,2755,201,13.7065
1536,1,20,3534,199,17.7588
1536,1,30,4816,203,23.7241
1536,1,40,5762,202,28.5248
1536,1,50,6700,201,33.3333
1536,1,60,8285,215,38.5349
1536,1,70,9224,214,43.1028
1536,1,80,9814,215,45.6465
1536,1,90,10343,215,48.107
1536,1,100,10624,212,50.1132
1600,0,0,1592,165,9.64848
1600,0,10,2575,208,12.3798
1600,0,20,4123,204,20.2108
1600,0,30,5245,204,25.7108
1600,0,40,17546,211,83.1564
1600,0,50,7138,207,34.4831
1600,0,60,7990,207,38.599
1600,0,70,9168,205,44.722
1600,0,80,10231,204,50.152
1600,0,90,10318,205,50.3317
1600,0,100,10878,205,53.0634
1600,1,0,1756,144,12.1944
1600,1,10,2700,205,13.1707
1600,1,20,3848,196,19.6327
1600,1,30,5132,208,24.6731
1600,1,40,5990,207,28.9372
1600,1,50,7032,207,33.971
1600,1,60,8179,206,39.7039
1600,1,70,9586,232,41.319
1600,1,80,10180,219,46.484
1600,1,90,10783,207,52.0918
1600,1,100,10430,219,47.6256
1664,0,0,1668,167,9.98802
1664,0,10,2964,219,13.5342
1664,0,20,3545,221,16.0407
1664,0,30,5102,210,24.2952
1664,0,40,6559,212,30.9387
1664,0,50,7694,211,36.4645
1664,0,60,8406,210,40.0286
1664,0,70,9886,227,43.5507
1664,0,80,10076,226,44.5841
1664,0,90,10979,228,48.1535
1664,0,100,11516,211,54.5782
1664,1,0,1674,159,10.5283
1664,1,10,3306,201,16.4478
1664,1,20,4088,210,19.4667
1664,1,30,5222,208,25.1058
1664,1,40,6082,209,29.1005
1664,1,50,8006,206,38.8641
1664,1,60,8435,211,39.9763
1664,1,70,9196,226,40.6903
1664,1,80,10478,227,46.1586
1664,1,90,11362,225,50.4978
1664,1,100,11667,224,52.0848
1728,0,0,1757,177,9.92655
1728,0,10,3269,214,15.2757
1728,0,20,3922,228,17.2018
1728,0,30,5263,216,24.3657
1728,0,40,6971,218,31.9771
1728,0,50,7708,217,35.5207
1728,0,60,9225,230,40.1087
1728,0,70,10492,214,49.028
1728,0,80,10801,231,46.7576
1728,0,90,9310,200,46.55
1728,0,100,10033,201,49.9154
1728,1,0,1494,139,10.7482
1728,1,10,2998,178,16.8427
1728,1,20,3436,179,19.1955
1728,1,30,4663,187,24.9358
1728,1,40,5129,196,26.1684
1728,1,50,6481,202,32.0842
1728,1,60,7296,200,36.48
1728,1,70,8203,199,41.2211
1728,1,80,9292,209,44.4593
1728,1,90,9675,200,48.375
1728,1,100,9661,198,48.7929
1792,0,0,1526,152,10.0395
1792,0,10,2728,193,14.1347
1792,0,20,3883,202,19.2228
1792,0,30,4642,207,22.4251
1792,0,40,5763,203,28.3892
1792,0,50,6941,202,34.3614
1792,0,60,7519,193,38.9585
1792,0,70,8783,202,43.4802
1792,0,80,9586,204,46.9902
1792,0,90,10012,205,48.839
1792,0,100,10082,203,49.665
1792,1,0,1498,135,11.0963
1792,1,10,2680,192,13.9583
1792,1,20,3817,194,19.6753
1792,1,30,4548,193,23.5648
1792,1,40,5938,202,29.396
1792,1,50,6949,204,34.0637
1792,1,60,7552,191,39.5393
1792,1,70,8772,191,45.9267
1792,1,80,9606,198,48.5152
1792,1,90,9653,204,47.3186
1792,1,100,9897,205,48.278
1856,0,0,1566,152,10.3026
1856,0,10,2688,205,13.1122
1856,0,20,3884,196,19.8163
1856,0,30,4879,196,24.8929
1856,0,40,6259,204,30.6814
1856,0,50,6872,203,33.8522
1856,0,60,8192,210,39.0095
1856,0,70,8593,211,40.7251
1856,0,80,9311,209,44.5502
1856,0,90,10185,207,49.2029
1856,0,100,10209,209,48.8469
1856,1,0,1556,135,11.5259
1856,1,10,2601,187,13.9091
1856,1,20,3795,195,19.4615
1856,1,30,4642,187,24.8235
1856,1,40,5833,208,28.0433
1856,1,50,7012,207,33.8744
1856,1,60,8110,218,37.2018
1856,1,70,9134,207,44.1256
1856,1,80,9878,218,45.3119
1856,1,90,10198,205,49.7463
1856,1,100,10573,208,50.8317
1920,0,0,1637,160,10.2312
1920,0,10,2847,208,13.6875
1920,0,20,4443,203,21.8867
1920,0,30,5112,190,26.9053
1920,0,40,6193,191,32.4241
1920,0,50,7255,213,34.061
1920,0,60,7811,202,38.6683
1920,0,70,9428,210,44.8952
1920,0,80,12946,201,64.408
1920,0,90,10516,207,50.8019
1920,0,100,11094,223,49.7489
1920,1,0,1664,141,11.8014
1920,1,10,2571,190,13.5316
1920,1,20,3906,190,20.5579
1920,1,30,4929,201,24.5224
1920,1,40,6411,208,30.8221
1920,1,50,7400,200,37
1920,1,60,8182,210,38.9619
1920,1,70,8757,201,43.5672
1920,1,80,10311,210,49.1
1920,1,90,10658,214,49.8037
1920,1,100,10805,203,53.2266
1984,0,0,1671,154,10.8506
1984,0,10,2872,229,12.5415
1984,0,20,4313,204,21.1422
1984,0,30,4965,204,24.3382
1984,0,40,7253,321,22.595
1984,0,50,8027,340,23.6088
1984,0,60,10195,368,27.7038
1984,0,70,11646,335,34.7642
1984,0,80,11792,303,38.9175
1984,0,90,11032,228,48.386
1984,0,100,11043,216,51.125
1984,1,0,1671,156,10.7115
1984,1,10,2828,193,14.6528
1984,1,20,4032,215,18.7535
1984,1,30,5354,195,27.4564
1984,1,40,6413,205,31.2829
1984,1,50,7397,205,36.0829
1984,1,60,7815,184,42.4728
1984,1,70,8321,184,45.2228
1984,1,80,9464,190,49.8105
1984,1,90,9595,192,49.974
1984,1,100,9639,192,50.2031
2048,0,0,1471,138,10.6594
2048,0,10,2685,190,14.1316
2048,0,20,3612,184,19.6304
2048,0,30,4742,185,25.6324
2048,0,40,5717,178,32.118
2048,0,50,6230,178,35
2048,0,60,7909,195,40.559
2048,0,70,8506,187,45.4866
2048,0,80,9622,188,51.1809
2048,0,90,10010,195,51.3333
2048,0,100,10265,194,52.9124
2048,1,0,1500,128,11.7188
2048,1,10,2617,178,14.7022
2048,1,20,3608,177,20.3842
2048,1,30,4389,184,23.8533
2048,1,40,5496,178,30.8764
2048,1,50,6705,194,34.5619
2048,1,60,7611,177,43
2048,1,70,8235,188,43.8032
2048,1,80,9237,195,47.3692
2048,1,90,9562,194,49.2887
2048,1,100,10265,203,50.5665
2176,0,0,1575,150,10.5
2176,0,10,2810,198,14.1919
2176,0,20,3872,192,20.1667
2176,0,30,4779,184,25.9728
2176,0,40,5984,199,30.0704
2176,0,50,7258,197,36.8426
2176,0,60,8108,202,40.1386
2176,0,70,8728,205,42.5756
2176,0,80,9504,202,47.0495
2176,0,90,10411,195,53.3897
2176,0,100,10240,197,51.9797
2176,1,0,1602,137,11.6934
2176,1,10,2745,182,15.0824
2176,1,20,3877,184,21.0707
2176,1,30,4786,184,26.0109
2176,1,40,5888,202,29.1485
2176,1,50,7176,197,36.4264
2176,1,60,7991,194,41.1907
2176,1,70,9065,205,44.2195
2176,1,80,9517,195,48.8051
2176,1,90,10249,198,51.7626
2176,1,100,10565,198,53.3586
2432,0,0,1807,211,8.56398
2432,0,10,3143,222,14.1577
2432,0,20,4171,217,19.2212
2432,0,30,5447,209,26.0622
2432,0,40,6559,211,31.0853
2432,0,50,7742,232,33.3707
2432,0,60,8808,211,41.7441
2432,0,70,9937,218,45.5826
2432,0,80,10998,215,51.1535
2432,0,90,10879,210,51.8048
2432,0,100,12126,219,55.3699
2432,1,0,1820,197,9.23858
2432,1,10,3148,197,15.9797
2432,1,20,4286,197,21.7563
2432,1,30,5644,199,28.3618
2432,1,40,6971,208,33.5144
2432,1,50,7781,209,37.2297
2432,1,60,9093,215,42.293
2432,1,70,9794,209,46.8612
2432,1,80,10498,219,47.9361
2432,1,90,11218,218,51.4587
2432,1,100,11920,209,57.0335
2688,0,0,1938,227,8.53744
2688,0,10,3238,226,14.3274
2688,0,20,4962,221,22.4525
2688,0,30,6010,223,26.9507
2688,0,40,7398,224,33.0268
2688,0,50,8888,223,39.8565
2688,0,60,10025,232,43.2112
2688,0,70,11335,221,51.2896
2688,0,80,11939,233,51.2403
2688,0,90,13059,243,53.7407
2688,0,100,13063,226,57.8009
2688,1,0,1966,212,9.27358
2688,1,10,3439,210,16.3762
2688,1,20,6114,329,18.5836
2688,1,30,6080,224,27.1429
2688,1,40,7406,224,33.0625
2688,1,50,9060,223,40.6278
2688,1,60,10093,224,45.058
2688,1,70,11175,223,50.1121
2688,1,80,11744,232,50.6207
2688,1,90,13030,224,58.1696
2688,1,100,25012,204,122.608
2944,0,0,1855,215,8.62791
2944,0,10,3289,216,15.2269
2944,0,20,4660,209,22.2967
2944,0,30,5947,215,27.6605
2944,0,40,7292,222,32.8468
2944,0,50,8321,213,39.0657
2944,0,60,9531,214,44.5374
2944,0,70,10889,223,48.8296
2944,0,80,11431,215,53.1674
2944,0,90,12443,213,58.4178
2944,0,100,12348,214,57.7009
2944,1,0,1884,210,8.97143
2944,1,10,3365,204,16.4951
2944,1,20,4700,213,22.0657
2944,1,30,6127,213,28.7653
2944,1,40,7387,212,34.8443
2944,1,50,8628,272,31.7206
2944,1,60,9858,212,46.5
2944,1,70,10795,211,51.1611
2944,1,80,12049,213,56.5681
2944,1,90,12463,212,58.7877
2944,1,100,12628,316,39.962
3200,0,0,1980,224,8.83929
3200,0,10,3455,230,15.0217
3200,0,20,4982,226,22.0442
3200,0,30,6266,238,26.3277
3200,0,40,7861,284,27.6796
3200,0,50,9837,232,42.4009
3200,0,60,10492,236,44.4576
3200,0,70,11579,237,48.8565
3200,0,80,12954,231,56.0779
3200,0,90,13551,293,46.2491
3200,0,100,13973,404,34.5866
3200,1,0,2035,221,9.20814
3200,1,10,3405,222,15.3378
3200,1,20,4737,280,16.9179
3200,1,30,6247,227,27.5198
3200,1,40,7179,240,29.9125
3200,1,50,9173,230,39.8826
3200,1,60,10433,240,43.4708
3200,1,70,11768,230,51.1652
3200,1,80,12745,230,55.413
3200,1,90,13490,231,58.3983
3200,1,100,13514,236,57.2627
3456,0,0,2182,233,9.36481
3456,0,10,3929,241,16.3029
3456,0,20,5437,235,23.1362
3456,0,30,6794,243,27.9588
3456,0,40,8084,241,33.5436
3456,0,50,9513,244,38.9877
3456,0,60,14297,366,39.0628
3456,0,70,12935,250,51.74
3456,0,80,13759,244,56.3893
3456,0,90,14666,245,59.8612
3456,0,100,14932,241,61.9585
3456,1,0,2151,233,9.23176
3456,1,10,3863,241,16.029
3456,1,20,5617,246,22.8333
3456,1,30,6550,239,27.4059
3456,1,40,8260,234,35.2991
3456,1,50,9782,250,39.128
3456,1,60,11334,244,46.4508
3456,1,70,12624,242,52.1653
3456,1,80,13801,249,55.4257
3456,1,90,14334,241,59.4772
3456,1,100,14791,250,59.164
3712,0,0,2360,251,9.40239
3712,0,10,3982,252,15.8016
3712,0,20,5745,246,23.3537
3712,0,30,6987,255,27.4
3712,0,40,8640,260,33.2308
3712,0,50,10491,263,39.8897
3712,0,60,11332,259,43.7529
3712,0,70,12938,257,50.3424
3712,0,80,14413,256,56.3008
3712,0,90,15354,255,60.2118
3712,0,100,14884,244,61
3712,1,0,2217,235,9.43404
3712,1,10,3891,232,16.7716
3712,1,20,9394,237,39.6371
3712,1,30,7824,335,23.3552
3712,1,40,8240,315,26.1587
3712,1,50,9621,249,38.6386
3712,1,60,11441,242,47.2769
3712,1,70,12842,243,52.8477
3712,1,80,13997,249,56.2129
3712,1,90,15008,251,59.7928
3712,1,100,14767,245,60.2735
3968,0,0,2326,252,9.23016
3968,0,10,4021,258,15.5853
3968,0,20,5428,247,21.9757
3968,0,30,7047,253,27.8538
3968,0,40,8603,249,34.5502
3968,0,50,10516,256,41.0781
3968,0,60,12209,249,49.0321
3968,0,70,13103,249,52.6225
3968,0,80,14718,254,57.9449
3968,0,90,15378,249,61.759
3968,0,100,15711,249,63.0964
3968,1,0,2294,247,9.28745
3968,1,10,4308,246,17.5122
3968,1,20,5416,248,21.8387
3968,1,30,7117,247,28.8138
3968,1,40,8808,254,34.6772
3968,1,50,10472,251,41.7211
3968,1,60,11847,254,46.6417
3968,1,70,13258,248,53.4597
3968,1,80,14850,255,58.2353
3968,1,90,15186,250,60.744
3968,1,100,15808,255,61.9922
4224,0,0,2461,257,9.57588
4224,0,10,4492,257,17.4786
4224,0,20,5702,268,21.2761
4224,0,30,7594,256,29.6641
4224,0,40,9361,258,36.2829
4224,0,50,10853,259,41.9035
4224,0,60,12291,260,47.2731
4224,0,70,13960,260,53.6923
4224,0,80,15322,267,57.3858
4224,0,90,16118,260,61.9923
4224,0,100,16898,265,63.766
4224,1,0,2427,256,9.48047
4224,1,10,4214,258,16.3333
4224,1,20,5822,260,22.3923
4224,1,30,7272,266,27.3383
4224,1,40,9293,266,34.9361
4224,1,50,10600,259,40.9266
4224,1,60,13113,260,50.4346
4224,1,70,14237,265,53.7245
4224,1,80,15118,260,58.1462
4224,1,90,16243,259,62.7143
4224,1,100,15984,255,62.6824
4480,0,0,2480,265,9.35849
4480,0,10,4351,255,17.0627
4480,0,20,6123,272,22.511
4480,0,30,7713,267,28.8876
4480,0,40,9731,265,36.7208
4480,0,50,10994,265,41.4868
4480,0,60,13017,272,47.8566
4480,0,70,14585,270,54.0185
4480,0,80,15954,266,59.9774
4480,0,90,16766,272,61.6397
4480,0,100,17040,263,64.7909
4480,1,0,2510,256,9.80469
4480,1,10,4075,263,15.4943
4480,1,20,6086,262,23.229
4480,1,30,7738,256,30.2266
4480,1,40,9714,270,35.9778
4480,1,50,11051,264,41.8598
4480,1,60,12975,271,47.8782
4480,1,70,14637,263,55.654
4480,1,80,15758,265,59.4642
4480,1,90,16765,265,63.2642
4480,1,100,17099,276,61.9529
4736,0,0,2618,268,9.76866
4736,0,10,4773,269,17.7435
4736,0,20,6428,275,23.3745
4736,0,30,8156,282,28.922
4736,0,40,10333,276,37.4384
4736,0,50,11854,285,41.593
4736,0,60,13182,283,46.5795
4736,0,70,15404,276,55.8116
4736,0,80,16340,276,59.2029
4736,0,90,17595,276,63.75
4736,0,100,18369,283,64.9081
4736,1,0,2648,266,9.95489
4736,1,10,4445,267,16.6479
4736,1,20,6245,266,23.4774
4736,1,30,8098,275,29.4473
4736,1,40,10320,282,36.5957
4736,1,50,12082,276,43.7754
4736,1,60,15675,274,57.208
4736,1,70,15581,277,56.2491
4736,1,80,16894,275,61.4327
4736,1,90,17535,275,63.7636
4736,1,100,18260,282,64.7518
4992,0,0,2757,277,9.95307
4992,0,10,4765,284,16.7782
4992,0,20,6532,283,23.0813
4992,0,30,8343,286,29.1713
4992,0,40,10736,287,37.4077
4992,0,50,12040,286,42.0979
4992,0,60,14325,285,50.2632
4992,0,70,15877,289,54.9377
4992,0,80,17605,282,62.4291
4992,0,90,18402,285,64.5684
4992,0,100,18543,280,66.225
4992,1,0,2701,272,9.93015
4992,1,10,4822,272,17.7279
4992,1,20,6400,285,22.4561
4992,1,30,8574,280,30.6214
4992,1,40,10331,283,36.5053
4992,1,50,11979,285,42.0316
4992,1,60,13547,284,47.7007
4992,1,70,15271,279,54.7348
4992,1,80,17278,301,57.402
4992,1,90,18336,279,65.7204
4992,1,100,18586,229,81.1616
5248,0,0,2803,289,9.69896
5248,0,10,4949,289,17.1246
5248,0,20,6986,289,24.173
5248,0,30,9309,291,31.9897
5248,0,40,11018,297,37.0976
5248,0,50,13550,301,45.0166
5248,0,60,14433,298,48.4329
5248,0,70,16494,298,55.349
5248,0,80,18121,296,61.2196
5248,0,90,21057,389,54.1311
5248,0,100,19930,301,66.2126
5248,1,0,2884,297,9.71044
5248,1,10,7760,535,14.5047
5248,1,20,7177,301,23.8439
5248,1,30,9100,296,30.7432
5248,1,40,11151,296,37.6723
5248,1,50,12996,292,44.5068
5248,1,60,14704,299,49.1773
5248,1,70,16557,293,56.5085
5248,1,80,18686,292,63.9932
5248,1,90,19347,296,65.3615
5248,1,100,19742,296,66.6959
5504,0,0,2979,297,10.0303
5504,0,10,4839,300,16.13
5504,0,20,6854,299,22.9231
5504,0,30,9795,304,32.2204
5504,0,40,11713,299,39.1739
5504,0,50,13449,308,43.6656
5504,0,60,14916,357,41.7815
5504,0,70,17783,302,58.8841
5504,0,80,19063,308,61.8929
5504,0,90,19732,303,65.1221
5504,0,100,20375,309,65.9385
5504,1,0,2978,292,10.1986
5504,1,10,5327,301,17.6977
5504,1,20,7099,301,23.5847
5504,1,30,10398,3033,3.42829
5504,1,40,12092,369,32.7696
5504,1,50,12944,351,36.8775
5504,1,60,15572,301,51.7342
5504,1,70,16880,359,47.0195
5504,1,80,18455,303,60.9076
5504,1,90,19767,302,65.4536
5504,1,100,20565,305,67.4262
5760,0,0,3082,303,10.1716
5760,0,10,5670,383,14.8042
5760,0,20,7578,315,24.0571
5760,0,30,9711,311,31.2251
5760,0,40,12002,319,37.6238
5760,0,50,13975,318,43.9465
5760,0,60,15544,316,49.1899
5760,0,70,18152,319,56.9028
5760,0,80,20250,321,63.0841
5760,0,90,20753,310,66.9452
5760,0,100,21509,316,68.0665
5760,1,0,3099,304,10.1941
5760,1,10,5624,304,18.5
5760,1,20,7416,319,23.2476
5760,1,30,9782,311,31.4534
5760,1,40,11580,312,37.1154
5760,1,50,13301,263,50.5741
5760,1,60,15864,312,50.8462
5760,1,70,17754,311,57.0868
5760,1,80,19156,313,61.2013
5760,1,90,20424,303,67.4059
5760,1,100,20592,303,67.9604
6016,0,0,3170,307,10.3257
6016,0,10,5456,312,17.4872
6016,0,20,7427,322,23.0652
6016,0,30,10058,316,31.8291
6016,0,40,11753,317,37.0757
6016,0,50,13980,314,44.5223
6016,0,60,19745,321,61.5109
6016,0,70,18283,316,57.8576
6016,0,80,19735,314,62.8503
6016,0,90,21098,308,68.5
6016,0,100,21082,316,66.7152
6016,1,0,3060,300,10.2
6016,1,10,5390,300,17.9667
6016,1,20,7268,309,23.521
6016,1,30,9435,309,30.534
6016,1,40,11290,309,36.5372
6016,1,50,13761,303,45.4158
6016,1,60,15768,304,51.8684
6016,1,70,17442,303,57.5644
6016,1,80,18873,301,62.701
6016,1,90,19920,303,65.7426
6016,1,100,20583,303,67.9307
6272,0,0,3148,310,10.1548
6272,0,10,5386,302,17.8344
6272,0,20,7497,317,23.6498
6272,0,30,22230,305,72.8852
6272,0,40,12016,305,39.3967
6272,0,50,17134,310,55.271
6272,0,60,15759,309,51
6272,0,70,17893,305,58.6656
6272,0,80,19833,307,64.6026
6272,0,90,20808,305,68.223
6272,0,100,21389,310,68.9968
6272,1,0,3064,297,10.3165
6272,1,10,5352,298,17.9597
6272,1,20,7354,305,24.1115
6272,1,30,9869,307,32.1466
6272,1,40,11846,312,37.9679
6272,1,50,14177,313,45.2939
6272,1,60,16544,310,53.3677
6272,1,70,19040,484,39.3388
6272,1,80,19661,307,64.0423
6272,1,90,20612,313,65.853
6272,1,100,21014,305,68.8984
6528,0,0,3190,305,10.459
6528,0,10,5710,319,17.8997
6528,0,20,20439,309,66.1456
6528,0,30,9779,309,31.6472
6528,0,40,11764,309,38.0712
6528,0,50,14623,312,46.8686
6528,0,60,16286,308,52.8766
6528,0,70,17990,308,58.4091
6528,0,80,19775,318,62.1855
6528,0,90,20870,312,66.891
6528,0,100,21539,308,69.9318
6528,1,0,3118,300,10.3933
6528,1,10,5582,314,17.7771
6528,1,20,7704,308,25.013
6528,1,30,9788,314,31.172
6528,1,40,12169,314,38.7548
6528,1,50,14634,313,46.754
6528,1,60,16245,311,52.2347
6528,1,70,18814,308,61.0844
6528,1,80,20239,309,65.4984
6528,1,90,20826,314,66.3248
6528,1,100,21100,308,68.5065
6784,0,0,3220,321,10.0312
6784,0,10,5632,317,17.7666
6784,0,20,8099,319,25.3887
6784,0,30,10047,320,31.3969
6784,0,40,12150,322,37.7329
6784,0,50,14533,318,45.7013
6784,0,60,17188,322,53.3789
6784,0,70,19178,319,60.1191
6784,0,80,20503,318,64.4748
6784,0,90,21678,316,68.6013
6784,0,100,22128,318,69.5849
6784,1,0,3206,315,10.1778
6784,1,10,5668,323,17.548
6784,1,20,7401,327,22.633
6784,1,30,9948,321,30.9907
6784,1,40,12450,324,38.4259
6784,1,50,14649,318,46.066
6784,1,60,16458,316,52.0823
6784,1,70,18764,323,58.0929
6784,1,80,20476,322,63.5901
6784,1,90,21655,322,67.2516
6784,1,100,22102,319,69.2853
7040,0,0,3346,323,10.3591
7040,0,10,5709,331,17.2477
7040,0,20,8142,334,24.3772
7040,0,30,9974,331,30.1329
7040,0,40,12780,332,38.494
7040,0,50,14595,328,44.497
7040,0,60,17970,328,54.7866
7040,0,70,19900,328,60.6707
7040,0,80,21447,330,64.9909
7040,0,90,22752,332,68.5301
7040,0,100,22859,333,68.6456
7040,1,0,3373,326,10.3466
7040,1,10,8817,553,15.9439
7040,1,20,11559,660,17.5136
7040,1,30,10686,333,32.0901
7040,1,40,12875,326,39.4939
7040,1,50,15537,332,46.7982
7040,1,60,17294,327,52.8869
7040,1,70,19199,332,57.8283
7040,1,80,21313,327,65.1774
7040,1,90,22462,329,68.2736
7040,1,100,22742,331,68.7069
7296,0,0,3451,336,10.2708
7296,0,10,5941,335,17.7343
7296,0,20,8580,333,25.7658
7296,0,30,10547,340,31.0206
7296,0,40,13512,339,39.8584
7296,0,50,15563,337,46.181
7296,0,60,17823,336,53.0446
7296,0,70,20386,335,60.8537
7296,0,80,22190,340,65.2647
7296,0,90,23235,342,67.9386
7296,0,100,24027,344,69.8459
7296,1,0,3447,335,10.2896
7296,1,10,5977,336,17.7887
7296,1,20,8459,336,25.1756
7296,1,30,10894,337,32.3264
7296,1,40,13389,337,39.73
7296,1,50,15633,338,46.2515
7296,1,60,17904,335,53.4448
7296,1,70,20081,339,59.236
7296,1,80,22464,337,66.6588
7296,1,90,27750,611,45.4173
7296,1,100,23761,334,71.1407
7552,0,0,3566,337,10.5816
7552,0,10,6301,346,18.211
7552,0,20,8736,344,25.3953
7552,0,30,10889,347,31.3804
7552,0,40,13848,345,40.1391
7552,0,50,16485,349,47.235
7552,0,60,18893,530,35.6472
7552,0,70,21141,350,60.4029
7552,0,80,23413,345,67.8638
7552,0,90,30830,666,46.2913
7552,0,100,24941,345,72.2928
7552,1,0,3571,338,10.5651
7552,1,10,6439,337,19.1068
7552,1,20,8952,396,22.6061
7552,1,30,11401,345,33.0464
7552,1,40,14196,346,41.0289
7552,1,50,16579,346,47.9162
7552,1,60,18646,354,52.6723
7552,1,70,20985,355,59.1127
7552,1,80,22374,345,64.8522
7552,1,90,23929,347,68.9597
7552,1,100,25095,353,71.0907
7808,0,0,3681,347,10.6081
7808,0,10,6216,348,17.8621
7808,0,20,8904,355,25.0817
7808,0,30,11085,358,30.9637
7808,0,40,16081,575,27.967
7808,0,50,17078,414,41.2512
7808,0,60,22043,378,58.3148
7808,0,70,21925,353,62.1105
7808,0,80,23465,355,66.0986
7808,0,90,25120,359,69.9721
7808,0,100,25726,355,72.4676
7808,1,0,3677,348,10.5661
7808,1,10,6475,357,18.1373
7808,1,20,9252,357,25.916
7808,1,30,11992,355,33.7803
7808,1,40,14099,356,39.6039
7808,1,50,16549,356,46.486
7808,1,60,19461,354,54.9746
7808,1,70,21336,365,58.4548
7808,1,80,23200,356,65.1685
7808,1,90,25401,357,71.1513
7808,1,100,25346,359,70.6017
8064,0,0,3789,356,10.6433
8064,0,10,6494,363,17.8898
8064,0,20,8801,365,24.1123
8064,0,30,11879,363,32.7245
8064,0,40,14634,364,40.2033
8064,0,50,17338,368,47.1141
8064,0,60,20446,368,55.5598
8064,0,70,21960,368,59.6739
8064,0,80,24453,364,67.1786
8064,0,90,26031,365,71.3178
8064,0,100,26412,369,71.5772
8064,1,0,3816,363,10.5124
8064,1,10,6418,368,17.4402
8064,1,20,9460,365,25.9178
8064,1,30,12250,369,33.1978
8064,1,40,14752,365,40.4164
8064,1,50,17358,371,46.7871
8064,1,60,19901,364,54.6731
8064,1,70,22120,369,59.9458
8064,1,80,24522,363,67.5537
8064,1,90,26031,370,70.3541
8064,1,100,26569,365,72.7918
